<?xml version="1.0" encoding="UTF-8"?>
<project version="4">
  <component name="ChangeListManager">
    <list default="true" id="fd71a315-5a4e-4e74-ad87-dc993724f9a8" name="Changes" comment="" />
    <option name="SHOW_DIALOG" value="false" />
    <option name="HIGHLIGHT_CONFLICTS" value="true" />
    <option name="HIGHLIGHT_NON_ACTIVE_CHANGELIST" value="false" />
    <option name="LAST_RESOLUTION" value="IGNORE" />
  </component>
  <component name="ConsoleHistory">
    <option name="tabs">
      <list>
        <TabState>
          <option name="title" value="Console" />
          <tab>
            <model ref="0b4ce849-3320-4c1b-a5f2-b677247ffcfb/r:b520abdd-5fed-4023-8f1c-0e31d8d4d3b5(TempModule0b4ce849-3320-4c1b-a5f2-b677247ffcfb/ConsoleModel_6934752789400)">
              <persistence version="9" />
              <languages>
                <devkit ref="70d3d6da-af63-483d-a75f-9c8acf8de332(jetbrains.mps.console.devkit)" />
              </languages>
              <imports />
              <registry>
                <language id="de1ad86d-6e50-4a02-b306-d4d17f64c375" name="jetbrains.mps.console.base">
                  <concept id="1583916890557930028" name="jetbrains.mps.console.base.structure.ConsoleRoot" flags="ng" index="aymSD">
                    <child id="1583916890557930415" name="history" index="aymYE" />
                    <child id="1583916890557930417" name="commandHolder" index="aymYO" />
                    <child id="9025248442620242919" name="cursor" index="1PhJh3" />
                  </concept>
                  <concept id="5758176878586720817" name="jetbrains.mps.console.base.structure.CommandHolderRef" flags="ng" index="2_V_lH">
                    <reference id="5758176878586720818" name="target" index="2_V_lI" />
                  </concept>
                  <concept id="351968380916615243" name="jetbrains.mps.console.base.structure.CommandHolder" flags="ng" index="2Clz$F" />
                  <concept id="757553790980850366" name="jetbrains.mps.console.base.structure.History" flags="ng" index="3balQm" />
                </language>
              </registry>
              <node concept="aymSD" id="3njllCageZt">
                <node concept="3balQm" id="3njllCageZu" role="aymYE" />
                <node concept="2Clz$F" id="3njllCageZv" role="aymYO" />
                <node concept="2_V_lH" id="3njllCageZw" role="1PhJh3">
                  <ref role="2_V_lI" node="3njllCageZv" />
                </node>
              </node>
            </model>
          </tab>
        </TabState>
      </list>
    </option>
  </component>
  <component name="DefaultSearchOptions3">
    <search_options>
      <finders>
        <finders />
      </finders>
      <scope>
        <scope_type scope_type="PROJECT" module="&lt;default&gt;" model="&lt;default&gt;" />
      </scope>
      <view>
        <flags show_one_result="true" new_tab="false" />
      </view>
    </search_options>
  </component>
  <component name="MPSBookmarkManager">
    <option name="myBookmarkInfos">
      <array>
        <BookmarkInfo />
        <BookmarkInfo />
        <BookmarkInfo />
        <BookmarkInfo />
        <BookmarkInfo />
        <BookmarkInfo />
        <BookmarkInfo />
        <BookmarkInfo />
        <BookmarkInfo />
        <BookmarkInfo />
      </array>
    </option>
  </component>
  <component name="MessagesViewTool">
    <option name="defaultListState">
      <MessageListState>
        <option name="autoscrollToSource" value="true" />
        <option name="info" value="true" />
        <option name="warnings" value="true" />
      </MessageListState>
    </option>
  </component>
  <component name="ProjectColorInfo"><![CDATA[{
  "associatedIndex": 5
}]]></component>
  <component name="ProjectId" id="34Jl5J4v6RkI57kJxAL9X6unuzF" />
  <component name="ProjectPluginManager">
    <option name="pluginsState">
      <option name="jetbrains.mps.ide.actions.Ide_ProjectPlugin">
        <value>
          <PluginState>
            <option name="myComponentsState">
              <list>
                <ComponentState>
                  <option name="first" value="jetbrains.mps.ide.actions.BehaviorDialogsPersistentOptions_PreferencesComponent" />
                  <params>
                    <option name="addReturnsOnImplement" value="false" />
                    <option name="sortAlphabetically" value="false" />
                    <option name="removeAttributes" value="true" />
                  </params>
                </ComponentState>
              </list>
            </option>
          </PluginState>
        </value>
      </option>
    </option>
  </component>
  <component name="ProjectView">
    <navigator currentView="ProjectPane" proportions="" version="1" />
    <panes>
      <pane id="ProjectPane">
        <subPane>
          <expand>
            <path>
              <item name="" type="a3d0baea:RootLogicalProjectViewNode" />
              <item name="MPS Project [Project1] " type="2ccce88f:TopHierarchyProjectViewNode$TopProjectViewNode" />
            </path>
            <path>
              <item name="" type="a3d0baea:RootLogicalProjectViewNode" />
              <item name="MPS Project [Project1] " type="2ccce88f:TopHierarchyProjectViewNode$TopProjectViewNode" />
              <item name="solution_diskonHarga [solution]" type="97b3832:SolutionProjectViewNode" />
            </path>
            <path>
              <item name="" type="a3d0baea:RootLogicalProjectViewNode" />
              <item name="MPS Project [Project1] " type="2ccce88f:TopHierarchyProjectViewNode$TopProjectViewNode" />
              <item name="solution_diskonHarga [solution]" type="97b3832:SolutionProjectViewNode" />
              <item name="'solution_diskonHarga'" type="3ff8ed02:BaseVirtualFolderProjectViewNode$ModelsVirtualFolderProjectViewNode" />
            </path>
            <path>
              <item name="" type="a3d0baea:RootLogicalProjectViewNode" />
              <item name="MPS Project [Project1] " type="2ccce88f:TopHierarchyProjectViewNode$TopProjectViewNode" />
              <item name="DiskonHarga [language]" type="cd46e9f6:LanguageProjectViewNode" />
            </path>
            <path>
              <item name="" type="a3d0baea:RootLogicalProjectViewNode" />
              <item name="MPS Project [Project1] " type="2ccce88f:TopHierarchyProjectViewNode$TopProjectViewNode" />
              <item name="DiskonHarga [language]" type="cd46e9f6:LanguageProjectViewNode" />
              <item name="r:c316e61a-fa88-4503-ba84-d9896137ee94(DiskonHarga.structure) in IdeaFile[path: C:/Users/lenovo/MPSProjects/Project1/languages/DiskonHarga/models/DiskonHarga.structure.mps]" type="79b3f1f3:LanguageProjectViewNode$LanguageAspectProjectViewNode" />
            </path>
            <path>
              <item name="" type="a3d0baea:RootLogicalProjectViewNode" />
              <item name="MPS Project [Project1] " type="2ccce88f:TopHierarchyProjectViewNode$TopProjectViewNode" />
              <item name="DiskonHarga [language]" type="cd46e9f6:LanguageProjectViewNode" />
              <item name="r:60164631-dbff-46f2-a4fc-cd7bc57ff11c(DiskonHarga.editor) in IdeaFile[path: C:/Users/lenovo/MPSProjects/Project1/languages/DiskonHarga/models/DiskonHarga.editor.mps]" type="79b3f1f3:LanguageProjectViewNode$LanguageAspectProjectViewNode" />
            </path>
            <path>
              <item name="" type="a3d0baea:RootLogicalProjectViewNode" />
              <item name="MPS Project [Project1] " type="2ccce88f:TopHierarchyProjectViewNode$TopProjectViewNode" />
              <item name="DiskonHarga [language]" type="cd46e9f6:LanguageProjectViewNode" />
              <item name="all models" type="29437f5f:LanguageProjectViewNode$LanguageAllModelsProjectViewNode" />
            </path>
          </expand>
          <select />
          <presentation>
            <attributes />
            <data isLeaf="false" text="" />
            <item name="" type="a3d0baea:RootLogicalProjectViewNode" />
            <presentation>
              <attributes />
              <data iconPath="expui/nodes/homeFolder.svg" iconPlugin="com.intellij" isLeaf="false" text="" />
              <item name="MPS Project [Project1] " type="2ccce88f:TopHierarchyProjectViewNode$TopProjectViewNode" />
              <presentation>
                <attributes />
                <data iconPath="expUi/nodes/solution.svg" iconPlugin="com.intellij" isLeaf="false" text="solution_diskonHarga" />
                <item name="solution_diskonHarga [solution]" type="97b3832:SolutionProjectViewNode" />
                <presentation>
                  <attributes />
                  <data iconPath="expui/nodes/folder.svg" iconPlugin="com.intellij" isLeaf="false" text="solution_diskonHarga" />
                  <item name="'solution_diskonHarga'" type="3ff8ed02:BaseVirtualFolderProjectViewNode$ModelsVirtualFolderProjectViewNode" />
                  <presentation>
                    <attributes />
                    <data iconPath="expUi/nodes/model.svg" iconPlugin="com.intellij" isLeaf="true" text="" />
                    <item name="r:398a2421-2153-4e7d-b975-762b5b87fa15(solution_diskonHarga.sandbox) in IdeaFile[path: C:/Users/lenovo/MPSProjects/Project1/solutions/solution_diskonHarga/models/solution_diskonHarga.sandbox.mps]" type="150f8c45:ModelHierarchyProjectViewNode" />
                  </presentation>
                </presentation>
              </presentation>
              <presentation>
                <attributes />
                <data iconPath="expUi/nodes/language.svg" iconPlugin="com.intellij" isLeaf="false" text="DiskonHarga" />
                <item name="DiskonHarga [language]" type="cd46e9f6:LanguageProjectViewNode" />
                <presentation>
                  <attributes />
                  <data isLeaf="false" text="structure" />
                  <item name="r:c316e61a-fa88-4503-ba84-d9896137ee94(DiskonHarga.structure) in IdeaFile[path: C:/Users/lenovo/MPSProjects/Project1/languages/DiskonHarga/models/DiskonHarga.structure.mps]" type="79b3f1f3:LanguageProjectViewNode$LanguageAspectProjectViewNode" />
                  <presentation>
                    <attributes />
                    <data isLeaf="true" text="Diskon" />
                    <item name="Diskon" type="dedc1bdc:SimpleNodeProjectViewNode" />
                  </presentation>
                  <presentation>
                    <attributes />
                    <data isLeaf="true" text="Harga" />
                    <item name="Harga" type="dedc1bdc:SimpleNodeProjectViewNode" />
                  </presentation>
                  <presentation>
                    <attributes />
                    <data isLeaf="true" text="Market" />
                    <item name="Market" type="dedc1bdc:SimpleNodeProjectViewNode" />
                  </presentation>
                  <presentation>
                    <attributes />
                    <data isLeaf="true" text="Produk" />
                    <item name="Produk" type="dedc1bdc:SimpleNodeProjectViewNode" />
                  </presentation>
                </presentation>
                <presentation>
                  <attributes />
                  <data isLeaf="false" text="editor" />
                  <item name="r:60164631-dbff-46f2-a4fc-cd7bc57ff11c(DiskonHarga.editor) in IdeaFile[path: C:/Users/lenovo/MPSProjects/Project1/languages/DiskonHarga/models/DiskonHarga.editor.mps]" type="79b3f1f3:LanguageProjectViewNode$LanguageAspectProjectViewNode" />
                  <presentation>
                    <attributes />
                    <data isLeaf="true" text="Diskon_Editor" />
                    <item name="(instance of ConceptEditorDeclaration)" type="dedc1bdc:SimpleNodeProjectViewNode" />
                  </presentation>
                  <presentation>
                    <attributes />
                    <data isLeaf="true" text="Harga_Editor" />
                    <item name="(instance of ConceptEditorDeclaration)" type="dedc1bdc:SimpleNodeProjectViewNode" />
                  </presentation>
                  <presentation>
                    <attributes />
                    <data isLeaf="true" text="Market_Editor" />
                    <item name="(instance of ConceptEditorDeclaration)" type="dedc1bdc:SimpleNodeProjectViewNode" />
                  </presentation>
                  <presentation>
                    <attributes />
                    <data isLeaf="true" text="Produk_Editor" />
                    <item name="(instance of ConceptEditorDeclaration)" type="dedc1bdc:SimpleNodeProjectViewNode" />
                  </presentation>
                </presentation>
                <presentation>
                  <attributes />
                  <data isLeaf="false" text="constraints" />
                  <item name="r:3942e82d-f6c7-42a7-a6a3-0ef163d943ed(DiskonHarga.constraints) in IdeaFile[path: C:/Users/lenovo/MPSProjects/Project1/languages/DiskonHarga/models/DiskonHarga.constraints.mps]" type="79b3f1f3:LanguageProjectViewNode$LanguageAspectProjectViewNode" />
                </presentation>
                <presentation>
                  <attributes />
                  <data isLeaf="true" text="behavior" />
                  <item name="r:b9f3198a-6653-4049-bdd6-2c04a95fd1b4(DiskonHarga.behavior) in IdeaFile[path: C:/Users/lenovo/MPSProjects/Project1/languages/DiskonHarga/models/DiskonHarga.behavior.mps]" type="79b3f1f3:LanguageProjectViewNode$LanguageAspectProjectViewNode" />
                </presentation>
                <presentation>
                  <attributes />
                  <data isLeaf="true" text="typesystem" />
                  <item name="r:d176adb4-3565-4465-ab39-1ae704168d21(DiskonHarga.typesystem) in IdeaFile[path: C:/Users/lenovo/MPSProjects/Project1/languages/DiskonHarga/models/DiskonHarga.typesystem.mps]" type="79b3f1f3:LanguageProjectViewNode$LanguageAspectProjectViewNode" />
                </presentation>
                <presentation>
                  <attributes />
                  <data iconPath="expUi/nodes/generator.svg" iconPlugin="com.intellij" isLeaf="false" text="generator/DiskonHarga/main" />
                  <item name="DiskonHarga/main [generator]" type="1a1cc504:GeneratorProjectViewNode" />
                </presentation>
                <presentation>
                  <attributes />
                  <data iconPath="expui/nodes/moduleGroup.svg" iconPlugin="com.intellij" isLeaf="false" text="all models" />
                  <item name="all models" type="29437f5f:LanguageProjectViewNode$LanguageAllModelsProjectViewNode" />
                  <presentation>
                    <attributes />
                    <data isLeaf="true" text="" />
                    <item name="r:b9f3198a-6653-4049-bdd6-2c04a95fd1b4(DiskonHarga.behavior) in IdeaFile[path: C:/Users/lenovo/MPSProjects/Project1/languages/DiskonHarga/models/DiskonHarga.behavior.mps]" type="74b5e27b:LanguageProjectViewNode$LanguageAllModelsProjectViewNode$1" />
                  </presentation>
                  <presentation>
                    <attributes />
                    <data isLeaf="false" text="" />
                    <item name="r:3942e82d-f6c7-42a7-a6a3-0ef163d943ed(DiskonHarga.constraints) in IdeaFile[path: C:/Users/lenovo/MPSProjects/Project1/languages/DiskonHarga/models/DiskonHarga.constraints.mps]" type="74b5e27b:LanguageProjectViewNode$LanguageAllModelsProjectViewNode$1" />
                  </presentation>
                  <presentation>
                    <attributes />
                    <data isLeaf="false" text="" />
                    <item name="r:60164631-dbff-46f2-a4fc-cd7bc57ff11c(DiskonHarga.editor) in IdeaFile[path: C:/Users/lenovo/MPSProjects/Project1/languages/DiskonHarga/models/DiskonHarga.editor.mps]" type="74b5e27b:LanguageProjectViewNode$LanguageAllModelsProjectViewNode$1" />
                  </presentation>
                  <presentation>
                    <attributes />
                    <data isLeaf="false" text="" />
                    <item name="r:c316e61a-fa88-4503-ba84-d9896137ee94(DiskonHarga.structure) in IdeaFile[path: C:/Users/lenovo/MPSProjects/Project1/languages/DiskonHarga/models/DiskonHarga.structure.mps]" type="74b5e27b:LanguageProjectViewNode$LanguageAllModelsProjectViewNode$1" />
                  </presentation>
                  <presentation>
                    <attributes />
                    <data isLeaf="true" text="" />
                    <item name="r:d176adb4-3565-4465-ab39-1ae704168d21(DiskonHarga.typesystem) in IdeaFile[path: C:/Users/lenovo/MPSProjects/Project1/languages/DiskonHarga/models/DiskonHarga.typesystem.mps]" type="74b5e27b:LanguageProjectViewNode$LanguageAllModelsProjectViewNode$1" />
                  </presentation>
                </presentation>
              </presentation>
            </presentation>
            <presentation>
              <attributes />
              <data iconPath="expui/nodes/moduleGroup.svg" iconPlugin="com.intellij" isLeaf="false" text="" />
              <item name="'Modules Pool'" type="4e60a945:TopHierarchyProjectViewNode$ModulesPoolProjectViewNode" />
            </presentation>
            <presentation>
              <attributes />
              <data iconPath="expui/fileTypes/scratches.svg" iconPlugin="com.intellij" isLeaf="false" text="" />
              <item name="'Checkpoints and Transient Models'" type="62004a8a:TopHierarchyProjectViewNode$TransientsProjectViewNode" />
            </presentation>
          </presentation>
        </subPane>
      </pane>
      <pane id="Scope" />
      <pane id="FileSystem" />
    </panes>
  </component>
  <component name="ProjectViewState">
    <option name="hideEmptyMiddlePackages" value="true" />
    <option name="showLibraryContents" value="true" />
  </component>
  <component name="PropertiesComponent"><![CDATA[{
  "keyToString": {
    "ModuleVcsDetector.initialDetectionPerformed": "true",
    "RunOnceActivity.ShowReadmeOnStart": "true"
  }
}]]></component>
  <component name="TaskManager">
    <task active="true" id="Default" summary="Default task">
      <changelist id="fd71a315-5a4e-4e74-ad87-dc993724f9a8" name="Changes" comment="" />
      <created>1760939372601</created>
      <option name="number" value="Default" />
      <option name="presentableId" value="Default" />
      <updated>1760939372601</updated>
    </task>
    <servers />
  </component>
  <component name="UsagesViewTool">
    <version id="1" />
    <tabs />
    <default_view_options>
      <options category_option="false" module_option="true" model_option="true" root_option="true" path_option="false" count_option="true" info_option="true" view_searched_nodes_option="true" group_searched_nodes_option="true" autoscroll_option="false" />
    </default_view_options>
  </component>
</project>